Order_ID,Date,Product,Category,Region,Quantity,Unit_Price,Discount,Revenue,Profit,Customer_Rating,Payment_Method
ORD10001,2025-01-01 00:00:00.000000000,Mouse,Accessories,West,7,900.0,0.15,5355.0,519.06,4.1,Debit Card
ORD10002,2025-01-01 17:30:25.250501002,Headphones,Audio,South,5,3500.0,0.19,14175.0,3305.38,4.7,Cash
ORD10003,2025-01-02 11:00:50.501002004,Monitor,Computers,North,5,14000.0,0.17,58100.0,8992.28,4.1,Credit Card
ORD10004,2025-01-03 04:31:15.751503006,Mouse,Accessories,South,7,900.0,0.05,5985.0,1433.1,4.0,UPI
ORD10005,2025-01-03 22:01:41.002004008,Tablet,Mobiles,East,1,22000.0,0.09,20020.0,1889.46,2.7,UPI
ORD10006,2025-01-04 15:32:06.252505010,Smartwatch,Wearables,East,3,7500.0,0.03,21825.0,3259.87,3.8,Net Banking
ORD10007,2025-01-05 09:02:31.503006012,Monitor,Computers,East,2,14000.0,0.19,22680.0,4506.25,2.9,Net Banking
ORD10008,2025-01-06 02:32:56.753507014,Monitor,Computers,West,1,14000.0,0.12,12320.0,3128.78,4.3,UPI
ORD10009,2025-01-06 20:03:22.004008016,Mouse,Accessories,South,2,900.0,0.05,1710.0,256.71,3.8,Debit Card
ORD10010,2025-01-07 13:33:47.254509018,Smartphone,Mobiles,East,7,28000.0,0.13,170520.0,37121.54,4.2,Debit Card
ORD10011,2025-01-08 07:04:12.505010020,Tablet,Mobiles,North,6,22000.0,0.12,116160.0,31934.14,2.6,Net Banking
ORD10012,2025-01-09 00:34:37.755511022,Mouse,Accessories,East,2,900.0,0.07,1674.0,360.73,2.7,Cash
ORD10013,2025-01-09 18:05:03.006012024,Tablet,Mobiles,East,3,22000.0,0.02,64680.0,8489.32,4.3,UPI
ORD10014,2025-01-10 11:35:28.256513026,Tablet,Mobiles,East,6,22000.0,0.13,114840.0,9803.68,2.7,Net Banking
ORD10015,2025-01-11 05:05:53.507014028,Smartwatch,Wearables,West,2,7500.0,0.1,13500.0,3664.19,2.7,Net Banking
ORD10016,2025-01-11 22:36:18.757515030,Monitor,Computers,North,7,14000.0,0.15,83300.0,7053.78,2.5,UPI
ORD10017,2025-01-12 16:06:44.008016032,Headphones,Audio,South,6,3500.0,0.1,18900.0,5149.01,4.9,UPI
ORD10018,2025-01-13 09:37:09.258517034,Smartwatch,Wearables,North,7,7500.0,0.17,43575.0,8556.66,,Debit Card
ORD10019,2025-01-14 03:07:34.509018036,Smartwatch,Wearables,South,2,7500.0,0.11,13350.0,3826.04,3.4,Cash
ORD10020,2025-01-14 20:37:59.759519038,Tablet,Mobiles,West,7,22000.0,0.11,137060.0,35050.67,3.2,Cash
ORD10021,2025-01-15 14:08:25.010020040,Keyboard,Accessories,West,3,1800.0,0.18,4428.0,1326.39,3.4,UPI
ORD10022,2025-01-16 07:38:50.260521042,Monitor,Computers,West,2,14000.0,0.08,25760.0,4048.35,4.4,Credit Card
ORD10023,2025-01-17 01:09:15.511022044,Smartphone,Mobiles,West,2,28000.0,0.03,54320.0,13513.81,4.2,Net Banking
ORD10024,2025-01-17 18:39:40.761523046,Smartwatch,Wearables,South,2,7500.0,0.01,14850.0,2501.11,3.0,Net Banking
ORD10025,2025-01-18 12:10:06.012024048,Headphones,Audio,East,1,3500.0,0.15,2975.0,552.08,2.9,UPI
ORD10026,2025-01-19 05:40:31.262525050,Keyboard,Accessories,South,1,1800.0,0.12,1584.0,345.39,2.7,Credit Card
ORD10027,2025-01-19 23:10:56.513026052,Keyboard,Accessories,North,1,1800.0,0.14,1548.0,421.38,4.2,Debit Card
ORD10028,2025-01-20 16:41:21.763527054,Smartphone,Mobiles,West,3,28000.0,0.04,80640.0,23909.63,4.4,UPI
ORD10029,2025-01-21 10:11:47.014028056,Smartwatch,Wearables,West,6,7500.0,0.03,43650.0,10869.73,3.2,UPI
ORD10030,2025-01-22 03:42:12.264529058,Headphones,Audio,North,7,3500.0,0.0,24500.0,4211.76,2.6,Net Banking
ORD10031,2025-01-22 21:12:37.515030060,Monitor,Computers,South,5,14000.0,0.07,65100.0,11242.67,2.7,UPI
ORD10032,2025-01-23 14:43:02.765531062,Laptop,Computers,East,2,65000.0,0.12,114400.0,27715.47,4.9,UPI
ORD10033,2025-01-24 08:13:28.016032064,Headphones,Audio,East,7,3500.0,0.08,22540.0,2987.25,3.2,UPI
ORD10034,2025-01-25 01:43:53.266533066,Smartphone,Mobiles,North,2,28000.0,0.09,50960.0,5315.35,4.4,Net Banking
ORD10035,2025-01-25 19:14:18.517034068,Keyboard,Accessories,East,3,1800.0,0.18,4428.0,699.7,4.1,Debit Card
ORD10036,2025-01-26 12:44:43.767535070,Monitor,Computers,South,2,14000.0,0.07,26040.0,3728.73,3.5,Debit Card
ORD10037,2025-01-27 06:15:09.018036072,Headphones,Audio,South,1,3500.0,0.1,3150.0,457.34,3.0,UPI
ORD10038,2025-01-27 23:45:34.268537074,Laptop,Computers,North,5,65000.0,0.16,273000.0,35870.48,2.8,Net Banking
ORD10039,2025-01-28 17:15:59.519038076,Laptop,Computers,South,4,65000.0,0.08,239200.0,21351.11,4.0,Debit Card
ORD10040,2025-01-29 10:46:24.769539078,Tablet,Mobiles,West,2,22000.0,0.12,38720.0,3249.86,4.4,Debit Card
ORD10041,2025-01-30 04:16:50.020040080,Tablet,Mobiles,North,7,22000.0,0.17,127820.0,38000.75,4.1,Debit Card
ORD10042,2025-01-30 21:47:15.270541082,Mouse,Accessories,South,1,900.0,0.19,729.0,126.93,3.8,Net Banking
ORD10043,2025-01-31 15:17:40.521042084,Smartphone,Mobiles,North,4,28000.0,0.03,108640.0,17876.91,2.6,Net Banking
ORD10044,2025-02-01 08:48:05.771543086,Smartwatch,Wearables,East,5,7500.0,0.19,30375.0,6971.74,4.9,UPI
ORD10045,2025-02-02 02:18:31.022044088,Headphones,Audio,South,4,3500.0,0.1,12600.0,1613.0,4.5,Cash
ORD10046,2025-02-02 19:48:56.272545090,Headphones,Audio,West,1,3500.0,0.05,3325.0,960.9,3.2,Debit Card
ORD10047,2025-02-03 13:19:21.523046092,Smartwatch,Wearables,South,6,7500.0,0.09,40950.0,10360.18,4.9,Cash
ORD10048,2025-02-04 06:49:46.773547094,Mouse,Accessories,North,6,900.0,0.2,4320.0,430.58,4.0,Net Banking
ORD10049,2025-02-05 00:20:12.024048096,Keyboard,Accessories,North,4,1800.0,0.1,6480.0,1113.7,4.0,Net Banking
ORD10050,2025-02-05 17:50:37.274549098,Keyboard,Accessories,South,3,1800.0,0.07,5022.0,1373.05,4.4,Net Banking
ORD10051,2025-02-06 11:21:02.525050100,Mouse,Accessories,West,7,900.0,0.13,5481.0,1577.66,4.5,Cash
ORD10052,2025-02-07 04:51:27.775551102,Keyboard,Accessories,,7,1800.0,0.05,11970.0,2188.46,4.1,Net Banking
ORD10053,2025-02-07 22:21:53.026052104,Tablet,Mobiles,West,4,22000.0,0.02,86240.0,18537.33,2.8,UPI
ORD10054,2025-02-08 15:52:18.276553106,Headphones,Audio,North,2,3500.0,0.03,6790.0,792.72,3.3,Net Banking
ORD10055,2025-02-09 09:22:43.527054108,Mouse,Accessories,South,2,900.0,0.03,1746.0,520.41,4.8,Credit Card
ORD10056,2025-02-10 02:53:08.777555110,Headphones,Audio,East,7,3500.0,0.03,23765.0,3112.45,3.1,Cash
ORD10057,2025-02-10 20:23:34.028056112,Smartwatch,Wearables,North,7,7500.0,0.03,50925.0,14635.9,3.4,Credit Card
ORD10058,2025-02-11 13:53:59.278557114,Laptop,Computers,West,6,65000.0,0.13,339300.0,75637.52,3.6,Net Banking
ORD10059,2025-02-12 07:24:24.529058116,Tablet,Mobiles,South,3,22000.0,0.04,63360.0,13540.16,3.6,UPI
ORD10060,2025-02-13 00:54:49.779559118,Monitor,Computers,West,1,14000.0,0.07,13020.0,2510.14,4.0,Debit Card
ORD10061,2025-02-13 18:25:15.030060120,Tablet,Mobiles,East,2,22000.0,0.18,36080.0,4717.36,4.9,Net Banking
ORD10062,2025-02-14 11:55:40.280561122,Mouse,Accessories,West,7,900.0,0.09,5733.0,681.29,3.1,UPI
ORD10063,2025-02-15 05:26:05.531062124,Monitor,Computers,West,6,14000.0,0.13,73080.0,9391.29,2.8,Cash
ORD10064,2025-02-15 22:56:30.781563126,Laptop,Computers,East,5,65000.0,0.03,315250.0,38150.43,3.0,Credit Card
ORD10065,2025-02-16 16:26:56.032064128,Mouse,Accessories,South,6,900.0,0.04,5184.0,1303.82,4.7,Credit Card
ORD10066,2025-02-17 09:57:21.282565130,Smartphone,Mobiles,North,2,28000.0,0.01,55440.0,8705.61,4.1,Credit Card
ORD10067,2025-02-18 03:27:46.533066132,Headphones,Audio,South,2,3500.0,0.03,6790.0,629.61,3.2,Cash
ORD10068,2025-02-18 20:58:11.783567134,Laptop,Computers,East,6,65000.0,0.06,366600.0,107488.07,4.5,UPI
ORD10069,2025-02-19 14:28:37.034068136,Headphones,Audio,West,1,3500.0,0.04,3360.0,922.09,4.7,Cash
ORD10070,2025-02-20 07:59:02.284569138,Keyboard,Accessories,South,4,1800.0,0.02,7056.0,2004.65,4.6,Credit Card
ORD10071,2025-02-21 01:29:27.535070140,Smartphone,Mobiles,North,2,28000.0,0.02,54880.0,16402.52,4.8,Net Banking
ORD10072,2025-02-21 18:59:52.785571142,Smartphone,Mobiles,East,6,28000.0,0.09,152880.0,18079.12,3.1,Debit Card
ORD10073,2025-02-22 12:30:18.036072145,Laptop,Computers,South,7,65000.0,0.04,436800.0,73021.27,4.4,Cash
ORD10074,2025-02-23 06:00:43.286573147,Smartphone,Mobiles,North,6,28000.0,0.07,156240.0,38561.98,3.7,Cash
ORD10075,2025-02-23 23:31:08.537074149,Monitor,Computers,East,3,14000.0,0.1,37800.0,8812.11,4.6,UPI
ORD10076,2025-02-24 17:01:33.787575151,Smartphone,Mobiles,North,4,28000.0,0.14,96320.0,10966.72,4.3,UPI
ORD10077,2025-02-25 10:31:59.038076153,Headphones,Audio,East,5,3500.0,0.01,17325.0,4495.55,4.4,Cash
ORD10078,2025-02-26 04:02:24.288577155,Headphones,Audio,West,1,3500.0,0.16,2940.0,380.37,4.1,Credit Card
ORD10079,2025-02-26 21:32:49.539078157,Mouse,Accessories,South,5,900.0,0.13,3915.0,505.97,2.9,Debit Card
ORD10080,2025-02-27 15:03:14.789579159,Headphones,Audio,North,4,3500.0,0.02,13720.0,2718.4,3.9,UPI
ORD10081,2025-02-28 08:33:40.040080161,Mouse,Accessories,East,4,900.0,0.17,2988.0,628.81,5.0,Credit Card
ORD10082,2025-03-01 02:04:05.290581163,Headphones,Audio,North,4,3500.0,0.18,11480.0,2383.47,4.8,Net Banking
ORD10083,2025-03-01 19:34:30.541082165,Monitor,Computers,North,5,14000.0,0.01,69300.0,6938.81,2.6,UPI
ORD10084,2025-03-02 13:04:55.791583167,Smartwatch,Wearables,South,7,7500.0,0.06,49350.0,13474.59,2.9,Credit Card
ORD10085,2025-03-03 06:35:21.042084169,Mouse,Accessories,West,4,900.0,0.16,3024.0,418.62,2.8,Credit Card
ORD10086,2025-03-04 00:05:46.292585171,Tablet,Mobiles,North,6,22000.0,0.15,112200.0,12172.95,4.3,Debit Card
ORD10087,2025-03-04 17:36:11.543086173,Keyboard,Accessories,East,5,1800.0,0.04,8640.0,2380.53,4.5,Debit Card
ORD10088,2025-03-05 11:06:36.793587175,Laptop,Computers,East,4,65000.0,0.04,249600.0,72444.74,3.0,Net Banking
ORD10089,2025-03-06 04:37:02.044088177,Headphones,Audio,West,6,3500.0,0.07,19530.0,5266.62,3.8,Credit Card
ORD10090,2025-03-06 22:07:27.294589179,Smartphone,Mobiles,East,7,28000.0,0.1,176400.0,45527.7,4.6,Credit Card
ORD10091,2025-03-07 15:37:52.545090181,Smartwatch,Wearables,West,3,7500.0,0.12,19800.0,4438.23,4.3,Debit Card
ORD10092,2025-03-08 09:08:17.795591183,Headphones,Audio,East,7,3500.0,0.07,22785.0,4584.08,3.9,UPI
ORD10093,2025-03-09 02:38:43.046092185,Smartphone,Mobiles,South,4,28000.0,0.09,101920.0,10104.05,4.0,UPI
ORD10094,2025-03-09 20:09:08.296593187,Keyboard,Accessories,North,5,1800.0,0.15,7650.0,1299.43,3.8,Cash
ORD10095,2025-03-10 13:39:33.547094189,Keyboard,Accessories,South,2,1800.0,0.01,3564.0,577.34,3.2,Debit Card
ORD10096,2025-03-11 07:09:58.797595191,Keyboard,Accessories,North,4,1800.0,0.05,6840.0,938.08,3.9,Cash
ORD10097,2025-03-12 00:40:24.048096193,Smartphone,Mobiles,North,2,28000.0,0.14,48160.0,11517.58,4.2,Debit Card
ORD10098,2025-03-12 18:10:49.298597195,Headphones,Audio,North,6,3500.0,0.18,17220.0,3256.18,4.7,Net Banking
ORD10099,2025-03-13 11:41:14.549098197,Keyboard,Accessories,South,3,1800.0,0.1,4860.0,475.45,4.1,Credit Card
ORD10100,2025-03-14 05:11:39.799599199,Monitor,Computers,North,1,14000.0,0.11,12460.0,1600.37,4.4,Net Banking
ORD10101,2025-03-14 22:42:05.050100201,Mouse,Accessories,South,7,900.0,0.02,6174.0,1421.98,2.9,Debit Card
ORD10102,2025-03-15 16:12:30.300601203,Smartphone,Mobiles,West,3,28000.0,0.09,76440.0,7395.48,3.7,Credit Card
ORD10103,2025-03-16 09:42:55.551102205,Smartphone,Mobiles,East,4,28000.0,0.11,99680.0,26641.03,2.5,UPI
ORD10104,2025-03-17 03:13:20.801603207,Headphones,Audio,East,2,3500.0,0.05,6650.0,1256.4,3.1,UPI
ORD10105,2025-03-17 20:43:46.052104209,Smartphone,Mobiles,North,7,28000.0,0.05,186200.0,34582.75,4.3,Cash
ORD10106,2025-03-18 14:14:11.302605211,Smartphone,Mobiles,South,2,28000.0,0.08,51520.0,10836.19,5.0,Debit Card
ORD10107,2025-03-19 07:44:36.553106213,Keyboard,Accessories,East,5,1800.0,0.0,9000.0,2352.87,2.7,Debit Card
ORD10108,2025-03-20 01:15:01.803607215,Headphones,Audio,South,2,3500.0,0.06,6580.0,1029.89,3.5,UPI
ORD10109,2025-03-20 18:45:27.054108217,Keyboard,Accessories,South,5,1800.0,0.04,8640.0,1979.97,4.5,Net Banking
ORD10110,2025-03-21 12:15:52.304609219,Mouse,Accessories,North,6,900.0,0.07,5022.0,1026.8,3.0,Credit Card
ORD10111,2025-03-22 05:46:17.555110221,Smartwatch,Wearables,East,7,7500.0,0.02,51450.0,7138.49,3.9,Net Banking
ORD10112,2025-03-22 23:16:42.805611223,Mouse,Accessories,North,7,900.0,0.18,5166.0,1411.86,4.3,Net Banking
ORD10113,2025-03-23 16:47:08.056112225,Smartwatch,Wearables,North,1,7500.0,0.12,6600.0,1685.86,4.0,UPI
ORD10114,2025-03-24 10:17:33.306613227,Keyboard,Accessories,East,4,1800.0,0.14,6192.0,1392.33,3.0,UPI
ORD10115,2025-03-25 03:47:58.557114229,Mouse,Accessories,East,5,900.0,0.16,3780.0,1009.74,3.4,UPI
ORD10116,2025-03-25 21:18:23.807615231,Headphones,Audio,West,1,3500.0,0.1,3150.0,853.03,4.5,Cash
ORD10117,2025-03-26 14:48:49.058116233,Laptop,Computers,West,2,65000.0,0.02,127400.0,30046.0,3.9,Net Banking
ORD10118,2025-03-27 08:19:14.308617235,Keyboard,Accessories,South,2,1800.0,0.11,3204.0,846.31,2.5,Debit Card
ORD10119,2025-03-28 01:49:39.559118237,Smartwatch,Wearables,East,1,7500.0,0.12,6600.0,1540.73,4.4,Credit Card
ORD10120,2025-03-28 19:20:04.809619239,Monitor,Computers,West,7,14000.0,0.15,83300.0,19128.26,2.6,Cash
ORD10121,2025-03-29 12:50:30.060120241,Smartwatch,Wearables,South,2,7500.0,0.09,13650.0,2949.69,4.4,Debit Card
ORD10122,2025-03-30 06:20:55.310621243,Monitor,Computers,South,6,14000.0,0.03,81480.0,20011.3,3.0,Net Banking
ORD10123,2025-03-30 23:51:20.561122245,Smartphone,Mobiles,South,6,28000.0,0.06,157920.0,18143.92,4.9,UPI
ORD10124,2025-03-31 17:21:45.811623247,Mouse,Accessories,West,1,900.0,0.07,837.0,229.16,3.4,Net Banking
ORD10125,2025-04-01 10:52:11.062124249,Monitor,Computers,East,5,14000.0,0.13,60900.0,16552.96,3.3,Credit Card
ORD10126,2025-04-02 04:22:36.312625251,Smartwatch,Wearables,North,5,7500.0,0.11,33375.0,2884.75,2.9,Cash
ORD10127,2025-04-02 21:53:01.563126253,Smartphone,Mobiles,South,1,28000.0,0.07,26040.0,6814.14,3.3,Cash
ORD10128,2025-04-03 15:23:26.813627255,Laptop,Computers,West,5,65000.0,0.2,260000.0,28171.36,4.7,Credit Card
ORD10129,2025-04-04 08:53:52.064128257,Headphones,Audio,West,7,3500.0,0.12,21560.0,3314.34,5.0,Debit Card
ORD10130,2025-04-05 02:24:17.314629259,Headphones,Audio,North,7,3500.0,0.05,23275.0,5669.13,3.4,Debit Card
ORD10131,2025-04-05 19:54:42.565130261,Headphones,Audio,North,5,3500.0,0.02,17150.0,1978.55,3.6,Cash
ORD10132,2025-04-06 13:25:07.815631263,Monitor,Computers,West,6,14000.0,0.03,81480.0,21180.95,4.3,Cash
ORD10133,2025-04-07 06:55:33.066132265,Laptop,Computers,East,5,65000.0,0.05,308750.0,81222.71,4.7,UPI
ORD10134,2025-04-08 00:25:58.316633267,Monitor,Computers,North,7,14000.0,0.03,95060.0,18217.57,4.0,Debit Card
ORD10135,2025-04-08 17:56:23.567134269,Mouse,Accessories,West,3,900.0,0.04,2592.0,211.0,3.5,Credit Card
ORD10136,2025-04-09 11:26:48.817635271,Monitor,Computers,North,4,14000.0,0.06,52640.0,7535.33,3.5,Debit Card
ORD10137,2025-04-10 04:57:14.068136273,Laptop,Computers,East,2,65000.0,0.03,126100.0,27202.79,4.2,UPI
ORD10138,2025-04-10 22:27:39.318637275,Laptop,Computers,South,3,65000.0,0.18,159900.0,47308.17,2.5,Cash
ORD10139,2025-04-11 15:58:04.569138277,Mouse,Accessories,North,5,900.0,0.02,4410.0,965.79,4.0,Cash
ORD10140,2025-04-12 09:28:29.819639279,Laptop,Computers,East,6,65000.0,0.1,351000.0,48142.03,3.4,UPI
ORD10141,2025-04-13 02:58:55.070140281,Smartwatch,Wearables,West,1,7500.0,0.08,6900.0,1514.42,4.5,Credit Card
ORD10142,2025-04-13 20:29:20.320641283,Laptop,Computers,North,5,65000.0,0.2,260000.0,51687.16,2.7,Cash
ORD10143,2025-04-14 13:59:45.571142285,Headphones,Audio,North,6,3500.0,0.02,20580.0,5177.23,4.0,Net Banking
ORD10144,2025-04-15 07:30:10.821643288,Smartwatch,Wearables,West,4,7500.0,0.08,27600.0,2857.59,,Cash
ORD10145,2025-04-16 01:00:36.072144290,Smartwatch,Wearables,South,5,7500.0,0.19,30375.0,7515.57,4.1,Net Banking
ORD10146,2025-04-16 18:31:01.322645292,Mouse,Accessories,West,7,900.0,0.17,5229.0,1040.98,2.7,UPI
ORD10147,2025-04-17 12:01:26.573146294,Tablet,Mobiles,North,1,22000.0,0.16,18480.0,5393.54,3.9,UPI
ORD10148,2025-04-18 05:31:51.823647296,Tablet,Mobiles,West,6,22000.0,0.05,125400.0,19463.57,3.9,Cash
ORD10149,2025-04-18 23:02:17.074148298,Laptop,Computers,East,6,65000.0,0.03,378300.0,82914.59,3.9,Debit Card
ORD10150,2025-04-19 16:32:42.324649300,Smartwatch,Wearables,West,6,7500.0,0.13,39150.0,11159.56,4.0,Net Banking
ORD10151,2025-04-20 10:03:07.575150302,Tablet,Mobiles,North,4,22000.0,0.19,71280.0,7309.92,4.2,Credit Card
ORD10152,2025-04-21 03:33:32.825651304,Tablet,Mobiles,West,5,22000.0,0.11,97900.0,28018.03,4.5,Cash
ORD10153,2025-04-21 21:03:58.076152306,Laptop,Computers,South,4,65000.0,0.11,231400.0,53530.89,3.2,Credit Card
ORD10154,2025-04-22 14:34:23.326653308,Tablet,Mobiles,West,2,22000.0,0.06,41360.0,3926.06,4.6,Cash
ORD10155,2025-04-23 08:04:48.577154310,Monitor,Computers,South,2,14000.0,0.15,23800.0,3479.85,3.7,Debit Card
ORD10156,2025-04-24 01:35:13.827655312,Smartphone,Mobiles,East,5,28000.0,0.04,134400.0,31691.23,2.7,Debit Card
ORD10157,2025-04-24 19:05:39.078156314,Mouse,Accessories,South,7,900.0,0.06,5922.0,561.51,2.6,Debit Card
ORD10158,2025-04-25 12:36:04.328657316,Smartphone,Mobiles,West,4,28000.0,0.09,101920.0,21207.26,3.3,Debit Card
ORD10159,2025-04-26 06:06:29.579158318,Laptop,Computers,North,1,65000.0,0.1,58500.0,9131.51,4.5,UPI
ORD10160,2025-04-26 23:36:54.829659320,Headphones,Audio,South,6,3500.0,0.05,19950.0,4321.2,4.3,UPI
ORD10161,2025-04-27 17:07:20.080160322,Mouse,Accessories,East,6,900.0,0.02,5292.0,476.61,4.5,Net Banking
ORD10162,2025-04-28 10:37:45.330661324,Laptop,Computers,South,5,65000.0,0.12,286000.0,77717.1,3.8,Credit Card
ORD10163,2025-04-29 04:08:10.581162326,Smartwatch,Wearables,South,7,7500.0,0.06,49350.0,14517.17,3.6,Cash
ORD10164,2025-04-29 21:38:35.831663328,Headphones,Audio,South,2,3500.0,0.12,6160.0,1805.82,2.9,Cash
ORD10165,2025-04-30 15:09:01.082164330,Smartphone,Mobiles,East,2,28000.0,0.03,54320.0,13304.24,3.3,UPI
ORD10166,2025-05-01 08:39:26.332665332,Laptop,Computers,West,6,65000.0,0.1,351000.0,38125.26,3.6,Cash
ORD10167,2025-05-02 02:09:51.583166334,Smartwatch,Wearables,South,5,7500.0,0.11,33375.0,8237.55,2.7,UPI
ORD10168,2025-05-02 19:40:16.833667336,Mouse,Accessories,South,4,900.0,0.01,3564.0,304.4,3.1,Net Banking
ORD10169,2025-05-03 13:10:42.084168338,Mouse,Accessories,North,2,900.0,0.07,1674.0,142.07,4.0,Credit Card
ORD10170,2025-05-04 06:41:07.334669340,Keyboard,Accessories,East,4,1800.0,0.03,6984.0,1055.94,4.3,Net Banking
ORD10171,2025-05-05 00:11:32.585170342,Smartwatch,Wearables,South,7,7500.0,0.01,51975.0,9745.39,5.0,Debit Card
ORD10172,2025-05-05 17:41:57.835671344,Monitor,Computers,East,2,14000.0,0.2,22400.0,5588.57,4.8,Debit Card
ORD10173,2025-05-06 11:12:23.086172346,Tablet,Mobiles,South,2,22000.0,0.06,41360.0,9526.24,4.1,Debit Card
ORD10174,2025-05-07 04:42:48.336673348,Headphones,Audio,West,3,3500.0,0.16,8820.0,1570.83,3.6,Net Banking
ORD10175,2025-05-07 22:13:13.587174350,Smartwatch,Wearables,West,2,7500.0,0.05,14250.0,1997.82,4.1,Cash
ORD10176,2025-05-08 15:43:38.837675352,Keyboard,Accessories,South,1,1800.0,0.14,1548.0,463.42,4.5,Credit Card
ORD10177,2025-05-09 09:14:04.088176354,Tablet,Mobiles,West,5,22000.0,0.15,93500.0,16246.55,2.8,Debit Card
ORD10178,2025-05-10 02:44:29.338677356,Tablet,Mobiles,South,5,22000.0,0.12,96800.0,17356.74,3.5,Debit Card
ORD10179,2025-05-10 20:14:54.589178358,Laptop,Computers,West,4,65000.0,0.09,236600.0,27444.95,4.6,Debit Card
ORD10180,2025-05-11 13:45:19.839679360,Tablet,Mobiles,North,7,22000.0,0.08,141680.0,36108.3,3.5,Credit Card
ORD10181,2025-05-12 07:15:45.090180362,Monitor,Computers,North,2,14000.0,0.07,26040.0,6057.17,3.9,Debit Card
ORD10182,2025-05-13 00:46:10.340681364,Mouse,Accessories,North,1,900.0,0.19,729.0,93.73,4.0,Credit Card
ORD10183,2025-05-13 18:16:35.591182366,Keyboard,Accessories,East,4,1800.0,0.17,5976.0,586.39,3.0,Debit Card
ORD10184,2025-05-14 11:47:00.841683368,Tablet,Mobiles,East,3,22000.0,0.19,53460.0,12280.29,3.4,Net Banking
ORD10185,2025-05-15 05:17:26.092184370,Laptop,Computers,North,4,65000.0,0.02,254800.0,57073.28,3.3,Net Banking
ORD10186,2025-05-15 22:47:51.342685372,Monitor,Computers,East,4,14000.0,0.15,47600.0,6669.57,2.6,Credit Card
ORD10187,2025-05-16 16:18:16.593186374,Smartphone,Mobiles,West,2,28000.0,0.19,45360.0,13117.66,2.6,Net Banking
ORD10188,2025-05-17 09:48:41.843687376,Mouse,Accessories,South,3,900.0,0.04,2592.0,293.5,4.6,Credit Card
ORD10189,2025-05-18 03:19:07.094188378,Mouse,Accessories,South,4,900.0,0.01,3564.0,624.11,3.2,Net Banking
ORD10190,2025-05-18 20:49:32.344689380,Keyboard,Accessories,South,1,1800.0,0.15,1530.0,440.02,3.8,Net Banking
ORD10191,2025-05-19 14:19:57.595190382,Mouse,Accessories,North,1,900.0,0.11,801.0,138.04,3.2,Credit Card
ORD10192,2025-05-20 07:50:22.845691384,Tablet,Mobiles,East,5,22000.0,0.17,91300.0,20129.43,4.9,Cash
ORD10193,2025-05-21 01:20:48.096192386,Laptop,Computers,West,3,65000.0,0.03,189150.0,31677.1,3.1,Net Banking
ORD10194,2025-05-21 18:51:13.346693388,Mouse,Accessories,West,3,900.0,0.16,2268.0,318.26,3.6,Debit Card
ORD10195,2025-05-22 12:21:38.597194390,Mouse,Accessories,North,5,900.0,0.04,4320.0,1280.77,4.7,Cash
ORD10196,2025-05-23 05:52:03.847695392,Smartphone,Mobiles,West,4,28000.0,0.03,108640.0,18474.61,4.6,Credit Card
ORD10197,2025-05-23 23:22:29.098196394,Smartphone,Mobiles,West,3,28000.0,0.03,81480.0,22545.66,3.0,Cash
ORD10198,2025-05-24 16:52:54.348697396,Headphones,Audio,West,1,3500.0,0.16,2940.0,383.93,4.5,UPI
ORD10199,2025-05-25 10:23:19.599198398,Monitor,Computers,West,1,14000.0,0.13,12180.0,1545.44,3.6,UPI
ORD10200,2025-05-26 03:53:44.849699400,Tablet,Mobiles,East,2,22000.0,0.1,39600.0,3439.24,3.7,Net Banking
ORD10201,2025-05-26 21:24:10.100200402,Mouse,Accessories,West,3,900.0,0.07,2511.0,560.87,2.8,Net Banking
ORD10202,2025-05-27 14:54:35.350701404,Smartwatch,Wearables,South,4,7500.0,0.18,24600.0,3962.46,2.7,Debit Card
ORD10203,2025-05-28 08:25:00.601202406,Mouse,Accessories,North,5,900.0,0.08,4140.0,1118.46,4.3,Cash
ORD10204,2025-05-29 01:55:25.851703408,Laptop,Computers,East,5,65000.0,0.16,273000.0,50260.99,3.7,UPI
ORD10205,2025-05-29 19:25:51.102204410,Headphones,Audio,West,4,3500.0,0.09,12740.0,3732.85,3.6,Net Banking
ORD10206,2025-05-30 12:56:16.352705412,Monitor,Computers,East,7,14000.0,0.08,90160.0,10892.74,4.3,Cash
ORD10207,2025-05-31 06:26:41.603206414,Smartwatch,Wearables,West,6,7500.0,0.09,40950.0,11101.43,4.4,Net Banking
ORD10208,2025-05-31 23:57:06.853707416,Headphones,Audio,South,2,3500.0,0.06,6580.0,1650.6,2.9,Net Banking
ORD10209,2025-06-01 17:27:32.104208418,Keyboard,Accessories,North,5,1800.0,0.15,7650.0,1909.46,4.0,UPI
ORD10210,2025-06-02 10:57:57.354709420,Monitor,Computers,West,3,14000.0,0.1,37800.0,10049.22,2.8,UPI
ORD10211,2025-06-03 04:28:22.605210422,Mouse,Accessories,West,2,900.0,0.05,1710.0,423.1,4.4,Net Banking
ORD10212,2025-06-03 21:58:47.855711424,Mouse,Accessories,West,3,900.0,0.18,2214.0,482.14,4.1,Credit Card
ORD10213,2025-06-04 15:29:13.106212426,Monitor,Computers,West,7,14000.0,0.08,90160.0,9816.07,4.9,Net Banking
ORD10214,2025-06-05 08:59:38.356713428,Mouse,Accessories,North,1,900.0,0.11,801.0,69.81,2.7,Net Banking
ORD10215,2025-06-06 02:30:03.607214430,Tablet,Mobiles,North,2,22000.0,0.18,36080.0,10195.72,2.6,Debit Card
ORD10216,2025-06-06 20:00:28.857715432,Monitor,Computers,South,5,14000.0,0.12,61600.0,13284.85,3.2,Debit Card
ORD10217,2025-06-07 13:30:54.108216434,Headphones,Audio,North,2,3500.0,0.02,6860.0,1750.93,3.2,Debit Card
ORD10218,2025-06-08 07:01:19.358717436,Monitor,Computers,West,2,14000.0,0.19,22680.0,4217.0,3.1,Credit Card
ORD10219,2025-06-09 00:31:44.609218438,Smartwatch,Wearables,South,2,7500.0,0.13,13050.0,1380.79,4.8,Credit Card
ORD10220,2025-06-09 18:02:09.859719440,Mouse,Accessories,South,6,900.0,0.07,5022.0,540.07,3.1,Net Banking
ORD10221,2025-06-10 11:32:35.110220442,Tablet,Mobiles,South,2,22000.0,0.03,42680.0,9851.58,3.2,Debit Card
ORD10222,2025-06-11 05:03:00.360721444,Tablet,Mobiles,West,3,22000.0,0.16,55440.0,9683.55,4.4,Credit Card
ORD10223,2025-06-11 22:33:25.611222446,Keyboard,Accessories,East,1,1800.0,0.12,1584.0,196.6,3.6,UPI
ORD10224,2025-06-12 16:03:50.861723448,Headphones,Audio,West,7,3500.0,0.11,21805.0,4102.63,4.4,Net Banking
ORD10225,2025-06-13 09:34:16.112224450,Smartphone,Mobiles,North,4,28000.0,0.18,91840.0,8644.53,2.7,Cash
ORD10226,2025-06-14 03:04:41.362725452,Smartphone,Mobiles,North,2,28000.0,0.16,47040.0,9785.91,3.7,Net Banking
ORD10227,2025-06-14 20:35:06.613226454,Monitor,Computers,West,5,14000.0,0.03,67900.0,9450.22,2.6,Cash
ORD10228,2025-06-15 14:05:31.863727456,Keyboard,Accessories,West,2,1800.0,0.06,3384.0,864.49,2.7,Debit Card
ORD10229,2025-06-16 07:35:57.114228458,Laptop,Computers,South,5,65000.0,0.05,308750.0,45781.34,4.8,Cash
ORD10230,2025-06-17 01:06:22.364729460,Monitor,Computers,West,3,14000.0,0.15,35700.0,6431.3,2.8,Debit Card
ORD10231,2025-06-17 18:36:47.615230462,Keyboard,Accessories,South,5,1800.0,0.01,8910.0,735.58,3.8,UPI
ORD10232,2025-06-18 12:07:12.865731464,Headphones,Audio,North,4,3500.0,0.11,12460.0,1195.39,3.5,Cash
ORD10233,2025-06-19 05:37:38.116232466,Headphones,Audio,South,1,3500.0,0.15,2975.0,494.89,3.4,Net Banking
ORD10234,2025-06-19 23:08:03.366733468,Headphones,Audio,West,5,3500.0,0.18,14350.0,2663.17,4.7,Debit Card
ORD10235,2025-06-20 16:38:28.617234470,Headphones,Audio,North,5,3500.0,0.07,16275.0,3450.37,2.6,Net Banking
ORD10236,2025-06-21 10:08:53.867735472,Headphones,Audio,East,1,3500.0,0.16,2940.0,423.85,4.2,Credit Card
ORD10237,2025-06-22 03:39:19.118236474,Keyboard,Accessories,South,4,1800.0,0.02,7056.0,1643.31,4.9,Debit Card
ORD10238,2025-06-22 21:09:44.368737476,Keyboard,Accessories,North,2,1800.0,0.17,2988.0,804.45,3.9,Cash
ORD10239,2025-06-23 14:40:09.619238478,Tablet,Mobiles,South,5,22000.0,0.03,106700.0,26842.22,4.8,Debit Card
ORD10240,2025-06-24 08:10:34.869739480,Smartwatch,Wearables,North,1,7500.0,0.08,6900.0,612.14,2.6,Net Banking
ORD10241,2025-06-25 01:41:00.120240482,Smartphone,Mobiles,North,3,28000.0,0.16,70560.0,13103.81,3.5,UPI
ORD10242,2025-06-25 19:11:25.370741484,Mouse,Accessories,South,1,900.0,0.03,873.0,89.99,3.2,Debit Card
ORD10243,2025-06-26 12:41:50.621242486,Headphones,Audio,East,3,3500.0,0.05,9975.0,1329.17,4.3,Cash
ORD10244,2025-06-27 06:12:15.871743488,Laptop,Computers,North,4,65000.0,0.14,223600.0,66423.91,5.0,Credit Card
ORD10245,2025-06-27 23:42:41.122244490,Mouse,Accessories,North,2,900.0,0.14,1548.0,172.37,3.1,UPI
ORD10246,2025-06-28 17:13:06.372745492,Keyboard,Accessories,North,1,1800.0,0.13,1566.0,297.16,4.1,Credit Card
ORD10247,2025-06-29 10:43:31.623246494,Laptop,Computers,East,7,65000.0,0.14,391300.0,84518.55,3.0,Debit Card
ORD10248,2025-06-30 04:13:56.873747496,Laptop,Computers,East,7,65000.0,0.11,404950.0,94977.9,3.9,Net Banking
ORD10249,2025-06-30 21:44:22.124248498,Laptop,Computers,West,6,65000.0,0.05,370500.0,75256.96,3.7,Net Banking
ORD10250,2025-07-01 15:14:47.374749500,Tablet,Mobiles,South,5,22000.0,0.07,102300.0,8403.9,4.9,Cash
ORD10251,2025-07-02 08:45:12.625250502,Keyboard,Accessories,East,4,1800.0,0.04,6912.0,1049.39,4.0,Net Banking
ORD10252,2025-07-03 02:15:37.875751504,Laptop,Computers,South,1,65000.0,0.18,53300.0,10334.69,3.4,UPI
ORD10253,2025-07-03 19:46:03.126252506,Headphones,Audio,West,7,3500.0,0.12,21560.0,2141.57,2.8,Net Banking
ORD10254,2025-07-04 13:16:28.376753508,Monitor,Computers,South,5,14000.0,0.08,64400.0,10119.68,2.9,Cash
ORD10255,2025-07-05 06:46:53.627254510,Laptop,Computers,East,7,65000.0,0.09,414050.0,36148.5,3.1,Debit Card
ORD10256,2025-07-06 00:17:18.877755512,Tablet,Mobiles,South,1,22000.0,0.19,17820.0,1733.66,3.1,Debit Card
ORD10257,2025-07-06 17:47:44.128256514,Mouse,Accessories,East,3,900.0,0.03,2619.0,438.22,4.6,Net Banking
ORD10258,2025-07-07 11:18:09.378757516,Keyboard,Accessories,South,1,1800.0,0.12,1584.0,172.97,3.9,Credit Card
ORD10259,2025-07-08 04:48:34.629258518,Smartwatch,Wearables,East,6,7500.0,0.1,40500.0,8296.79,3.8,Debit Card
ORD10260,2025-07-08 22:18:59.879759520,Tablet,Mobiles,East,1,22000.0,0.12,19360.0,4485.37,2.8,Net Banking
ORD10261,2025-07-09 15:49:25.130260522,Laptop,Computers,South,1,65000.0,0.0,65000.0,16648.39,4.7,Cash
ORD10262,2025-07-10 09:19:50.380761524,Keyboard,Accessories,West,6,1800.0,0.17,8964.0,1111.83,4.3,Net Banking
ORD10263,2025-07-11 02:50:15.631262526,Monitor,Computers,North,4,14000.0,0.19,45360.0,5300.14,2.7,Debit Card
ORD10264,2025-07-11 20:20:40.881763528,Laptop,Computers,West,1,65000.0,0.11,57850.0,5958.83,4.3,Cash
ORD10265,2025-07-12 13:51:06.132264530,Tablet,Mobiles,South,6,22000.0,0.14,113520.0,24976.06,3.9,Net Banking
ORD10266,2025-07-13 07:21:31.382765532,Smartphone,Mobiles,West,5,28000.0,0.18,114800.0,27026.75,2.7,UPI
ORD10267,2025-07-14 00:51:56.633266534,Headphones,Audio,East,3,3500.0,0.14,9030.0,785.15,3.6,Cash
ORD10268,2025-07-14 18:22:21.883767536,Smartwatch,Wearables,North,3,7500.0,0.03,21825.0,6241.22,3.7,UPI
ORD10269,2025-07-15 11:52:47.134268538,Mouse,Accessories,South,1,900.0,0.12,792.0,72.42,2.9,Credit Card
ORD10270,2025-07-16 05:23:12.384769540,Tablet,Mobiles,South,4,22000.0,0.12,77440.0,15417.16,4.9,Cash
ORD10271,2025-07-16 22:53:37.635270542,Keyboard,Accessories,South,4,1800.0,0.08,6624.0,1563.22,4.6,UPI
ORD10272,2025-07-17 16:24:02.885771544,Smartwatch,Wearables,North,5,7500.0,0.15,31875.0,8657.67,4.2,Debit Card
ORD10273,2025-07-18 09:54:28.136272546,Smartwatch,Wearables,East,1,7500.0,0.19,6075.0,1440.38,3.7,Debit Card
ORD10274,2025-07-19 03:24:53.386773548,Smartwatch,Wearables,South,3,7500.0,0.19,18225.0,4672.53,3.5,Credit Card
ORD10275,2025-07-19 20:55:18.637274550,Laptop,Computers,West,4,65000.0,0.09,236600.0,36597.06,4.1,Cash
ORD10276,2025-07-20 14:25:43.887775552,Headphones,Audio,South,1,3500.0,0.02,3430.0,889.27,3.9,Cash
ORD10277,2025-07-21 07:56:09.138276554,Laptop,Computers,,7,65000.0,0.2,364000.0,35535.6,2.7,Cash
ORD10278,2025-07-22 01:26:34.388777556,Keyboard,Accessories,South,4,1800.0,0.17,5976.0,1654.51,3.8,Credit Card
ORD10279,2025-07-22 18:56:59.639278558,Laptop,Computers,South,6,65000.0,0.02,382200.0,76619.76,4.5,Cash
ORD10280,2025-07-23 12:27:24.889779560,Smartphone,Mobiles,East,7,28000.0,0.18,160720.0,41755.94,3.6,Debit Card
ORD10281,2025-07-24 05:57:50.140280562,Headphones,Audio,West,4,3500.0,0.17,11620.0,2085.91,2.6,UPI
ORD10282,2025-07-24 23:28:15.390781564,Headphones,Audio,East,3,3500.0,0.1,9450.0,2094.0,4.5,Debit Card
ORD10283,2025-07-25 16:58:40.641282566,Keyboard,Accessories,West,2,1800.0,0.12,3168.0,620.32,3.0,Debit Card
ORD10284,2025-07-26 10:29:05.891783568,Mouse,Accessories,South,7,900.0,0.08,5796.0,1396.54,3.1,UPI
ORD10285,2025-07-27 03:59:31.142284570,Smartphone,Mobiles,North,5,28000.0,0.01,138600.0,13577.06,2.9,Debit Card
ORD10286,2025-07-27 21:29:56.392785572,Tablet,Mobiles,East,5,22000.0,0.07,102300.0,9542.28,3.3,Credit Card
ORD10287,2025-07-28 15:00:21.643286576,Laptop,Computers,North,3,65000.0,0.16,163800.0,22008.61,4.4,UPI
ORD10288,2025-07-29 08:30:46.893787576,Monitor,Computers,East,4,14000.0,0.0,56000.0,6445.59,3.8,Debit Card
ORD10289,2025-07-30 02:01:12.144288580,Laptop,Computers,South,1,65000.0,0.07,60450.0,16429.85,3.0,Net Banking
ORD10290,2025-07-30 19:31:37.394789580,Smartwatch,Wearables,East,4,7500.0,0.08,27600.0,3539.07,4.7,Debit Card
ORD10291,2025-07-31 13:02:02.645290584,Laptop,Computers,South,3,65000.0,0.11,173550.0,51143.51,4.7,Credit Card
ORD10292,2025-08-01 06:32:27.895791584,Tablet,Mobiles,East,5,22000.0,0.18,90200.0,13901.36,4.7,Cash
ORD10293,2025-08-02 00:02:53.146292588,Laptop,Computers,South,4,65000.0,0.07,241800.0,29031.94,3.1,Debit Card
ORD10294,2025-08-02 17:33:18.396793588,Smartphone,Mobiles,South,5,28000.0,0.07,130200.0,33036.12,3.6,Cash
ORD10295,2025-08-03 11:03:43.647294592,Smartphone,Mobiles,West,7,28000.0,0.15,166600.0,37470.96,5.0,Net Banking
ORD10296,2025-08-04 04:34:08.897795592,Headphones,Audio,South,1,3500.0,0.09,3185.0,603.89,4.4,Debit Card
ORD10297,2025-08-04 22:04:34.148296596,Keyboard,Accessories,West,7,1800.0,0.04,12096.0,2445.57,2.6,UPI
ORD10298,2025-08-05 15:34:59.398797596,Mouse,Accessories,South,5,900.0,0.09,4095.0,975.53,2.7,Cash
ORD10299,2025-08-06 09:05:24.649298600,Monitor,Computers,North,5,14000.0,0.03,67900.0,8844.66,3.7,Net Banking
ORD10300,2025-08-07 02:35:49.899799600,Smartwatch,Wearables,South,2,7500.0,0.04,14400.0,4308.39,4.8,UPI
ORD10301,2025-08-07 20:06:15.150300604,Laptop,Computers,North,2,65000.0,0.1,117000.0,34451.18,3.8,UPI
ORD10302,2025-08-08 13:36:40.400801604,Laptop,Computers,North,7,65000.0,0.08,418600.0,93377.79,3.7,UPI
ORD10303,2025-08-09 07:07:05.651302608,Tablet,Mobiles,South,6,22000.0,0.18,108240.0,13410.86,2.8,UPI
ORD10304,2025-08-10 00:37:30.901803608,Keyboard,Accessories,North,7,1800.0,0.07,11718.0,2691.04,4.1,Debit Card
ORD10305,2025-08-10 18:07:56.152304612,Smartphone,Mobiles,West,2,28000.0,0.12,49280.0,4725.15,4.6,Debit Card
ORD10306,2025-08-11 11:38:21.402805612,Monitor,Computers,East,5,14000.0,0.13,60900.0,5282.68,3.5,Debit Card
ORD10307,2025-08-12 05:08:46.653306616,Headphones,Audio,South,3,3500.0,0.0,10500.0,1435.25,4.4,Net Banking
ORD10308,2025-08-12 22:39:11.903807616,Smartphone,Mobiles,North,7,28000.0,0.13,170520.0,30996.62,4.9,Net Banking
ORD10309,2025-08-13 16:09:37.154308620,Smartwatch,Wearables,South,5,7500.0,0.04,36000.0,9756.72,3.0,Net Banking
ORD10310,2025-08-14 09:40:02.404809620,Keyboard,Accessories,West,3,1800.0,0.19,4374.0,1049.66,3.8,Credit Card
ORD10311,2025-08-15 03:10:27.655310624,Smartwatch,Wearables,South,3,7500.0,0.03,21825.0,5312.11,3.2,Net Banking
ORD10312,2025-08-15 20:40:52.905811624,Mouse,Accessories,South,2,900.0,0.08,1656.0,287.5,4.5,Debit Card
ORD10313,2025-08-16 14:11:18.156312628,Headphones,Audio,North,7,3500.0,0.02,24010.0,3748.1,3.9,Debit Card
ORD10314,2025-08-17 07:41:43.406813628,Mouse,Accessories,West,4,900.0,0.2,2880.0,465.49,4.1,Credit Card
ORD10315,2025-08-18 01:12:08.657314632,Tablet,Mobiles,East,1,22000.0,0.1,19800.0,5886.2,4.5,Credit Card
ORD10316,2025-08-18 18:42:33.907815632,Smartwatch,Wearables,East,2,7500.0,0.12,13200.0,1172.48,3.5,Net Banking
ORD10317,2025-08-19 12:12:59.158316636,Tablet,Mobiles,North,2,22000.0,0.01,43560.0,11793.74,4.8,Cash
ORD10318,2025-08-20 05:43:24.408817636,Laptop,Computers,South,4,65000.0,0.15,221000.0,45815.2,3.8,Credit Card
ORD10319,2025-08-20 23:13:49.659318640,Mouse,Accessories,North,1,900.0,0.04,864.0,152.49,2.9,UPI
ORD10320,2025-08-21 16:44:14.909819640,Keyboard,Accessories,North,5,1800.0,0.18,7380.0,1767.93,4.2,Debit Card
ORD10321,2025-08-22 10:14:40.160320644,Smartwatch,Wearables,North,6,7500.0,0.04,43200.0,8081.3,4.5,UPI
ORD10322,2025-08-23 03:45:05.410821644,Monitor,Computers,South,7,14000.0,0.04,94080.0,25604.16,3.3,Debit Card
ORD10323,2025-08-23 21:15:30.661322648,Headphones,Audio,West,6,3500.0,0.01,20790.0,5782.83,4.6,Debit Card
ORD10324,2025-08-24 14:45:55.911823648,Smartphone,Mobiles,North,5,28000.0,0.09,127400.0,22011.99,4.8,Credit Card
ORD10325,2025-08-25 08:16:21.162324652,Keyboard,Accessories,South,2,1800.0,0.11,3204.0,451.45,3.2,Credit Card
ORD10326,2025-08-26 01:46:46.412825652,Keyboard,Accessories,West,1,1800.0,0.01,1782.0,374.79,5.0,UPI
ORD10327,2025-08-26 19:17:11.663326656,Tablet,Mobiles,North,2,22000.0,0.16,36960.0,10375.41,2.9,Debit Card
ORD10328,2025-08-27 12:47:36.913827656,Mouse,Accessories,East,3,900.0,0.09,2457.0,310.43,,UPI
ORD10329,2025-08-28 06:18:02.164328660,Smartwatch,Wearables,West,2,7500.0,0.1,13500.0,2930.21,3.0,Cash
ORD10330,2025-08-28 23:48:27.414829660,Smartwatch,Wearables,North,2,7500.0,0.09,13650.0,2988.58,4.7,UPI
ORD10331,2025-08-29 17:18:52.665330664,Laptop,Computers,West,5,65000.0,0.08,299000.0,72144.17,4.1,Net Banking
ORD10332,2025-08-30 10:49:17.915831664,Laptop,Computers,West,5,65000.0,0.11,289250.0,31512.31,2.9,UPI
ORD10333,2025-08-31 04:19:43.166332668,Headphones,Audio,West,5,3500.0,0.03,16975.0,4031.25,3.6,Net Banking
ORD10334,2025-08-31 21:50:08.416833668,Tablet,Mobiles,West,6,22000.0,0.04,126720.0,35479.97,4.0,Net Banking
ORD10335,2025-09-01 15:20:33.667334672,Keyboard,Accessories,West,3,1800.0,0.17,4482.0,535.73,2.7,Net Banking
ORD10336,2025-09-02 08:50:58.917835672,Smartwatch,Wearables,West,5,7500.0,0.19,30375.0,4017.38,4.7,Cash
ORD10337,2025-09-03 02:21:24.168336676,Monitor,Computers,North,1,14000.0,0.07,13020.0,3824.06,4.5,UPI
ORD10338,2025-09-03 19:51:49.418837676,Tablet,Mobiles,East,6,22000.0,0.05,125400.0,15024.79,3.8,UPI
ORD10339,2025-09-04 13:22:14.669338680,Headphones,Audio,South,4,3500.0,0.13,12180.0,3263.81,4.9,Cash
ORD10340,2025-09-05 06:52:39.919839680,Headphones,Audio,West,1,3500.0,0.08,3220.0,606.33,3.5,Debit Card
ORD10341,2025-09-06 00:23:05.170340684,Tablet,Mobiles,South,7,22000.0,0.01,152460.0,20489.23,5.0,Credit Card
ORD10342,2025-09-06 17:53:30.420841684,Headphones,Audio,North,7,3500.0,0.03,23765.0,6453.74,4.2,UPI
ORD10343,2025-09-07 11:23:55.671342688,Tablet,Mobiles,West,1,22000.0,0.14,18920.0,3367.14,4.1,Credit Card
ORD10344,2025-09-08 04:54:20.921843688,Smartphone,Mobiles,East,5,28000.0,0.13,121800.0,23539.05,2.9,Cash
ORD10345,2025-09-08 22:24:46.172344692,Tablet,Mobiles,South,4,22000.0,0.01,87120.0,13854.81,4.7,Debit Card
ORD10346,2025-09-09 15:55:11.422845692,Mouse,Accessories,West,4,900.0,0.04,3456.0,727.31,3.6,Debit Card
ORD10347,2025-09-10 09:25:36.673346696,Tablet,Mobiles,North,6,22000.0,0.05,125400.0,14543.3,2.9,Debit Card
ORD10348,2025-09-11 02:56:01.923847696,Headphones,Audio,East,4,3500.0,0.13,12180.0,2022.34,2.5,Cash
ORD10349,2025-09-11 20:26:27.174348700,Smartwatch,Wearables,South,7,7500.0,0.0,52500.0,15396.71,3.9,Net Banking
ORD10350,2025-09-12 13:56:52.424849700,Mouse,Accessories,South,3,900.0,0.02,2646.0,361.94,3.8,Net Banking
ORD10351,2025-09-13 07:27:17.675350704,Headphones,Audio,West,5,3500.0,0.16,14700.0,3299.89,4.3,Credit Card
ORD10352,2025-09-14 00:57:42.925851704,Laptop,Computers,East,4,65000.0,0.04,249600.0,37824.84,4.7,Net Banking
ORD10353,2025-09-14 18:28:08.176352708,Laptop,Computers,East,6,65000.0,0.13,339300.0,84880.67,2.7,Net Banking
ORD10354,2025-09-15 11:58:33.426853708,Smartwatch,Wearables,East,7,7500.0,0.05,49875.0,5426.01,4.3,Debit Card
ORD10355,2025-09-16 05:28:58.677354712,Smartwatch,Wearables,East,3,7500.0,0.02,22050.0,6468.6,3.0,Debit Card
ORD10356,2025-09-16 22:59:23.927855712,Mouse,Accessories,North,2,900.0,0.05,1710.0,307.52,4.6,Credit Card
ORD10357,2025-09-17 16:29:49.178356716,Smartphone,Mobiles,East,2,28000.0,0.14,48160.0,6353.8,4.5,UPI
ORD10358,2025-09-18 10:00:14.428857716,Smartwatch,Wearables,South,3,7500.0,0.17,18675.0,1795.96,3.9,Credit Card
ORD10359,2025-09-19 03:30:39.679358720,Laptop,Computers,South,7,65000.0,0.17,377650.0,44316.0,4.3,Credit Card
ORD10360,2025-09-19 21:01:04.929859720,Tablet,Mobiles,North,6,22000.0,0.08,121440.0,23601.9,3.3,Cash
ORD10361,2025-09-20 14:31:30.180360724,Headphones,Audio,South,3,3500.0,0.13,9135.0,1408.08,3.7,Cash
ORD10362,2025-09-21 08:01:55.430861724,Laptop,Computers,South,5,65000.0,0.04,312000.0,81854.55,4.6,Credit Card
ORD10363,2025-09-22 01:32:20.681362728,Laptop,Computers,East,5,65000.0,0.06,305500.0,53399.95,3.6,Credit Card
ORD10364,2025-09-22 19:02:45.931863728,Smartphone,Mobiles,South,2,28000.0,0.18,45920.0,6186.21,3.4,Credit Card
ORD10365,2025-09-23 12:33:11.182364732,Mouse,Accessories,North,4,900.0,0.0,3600.0,776.78,3.7,Net Banking
ORD10366,2025-09-24 06:03:36.432865732,Mouse,Accessories,East,6,900.0,0.02,5292.0,1246.22,4.6,Cash
ORD10367,2025-09-24 23:34:01.683366736,Keyboard,Accessories,West,2,1800.0,0.04,3456.0,403.49,3.3,Credit Card
ORD10368,2025-09-25 17:04:26.933867736,Smartphone,Mobiles,East,4,28000.0,0.01,110880.0,12959.24,2.9,Debit Card
ORD10369,2025-09-26 10:34:52.184368740,Tablet,Mobiles,North,4,22000.0,0.04,84480.0,7439.96,4.3,Debit Card
ORD10370,2025-09-27 04:05:17.434869740,Mouse,Accessories,East,5,900.0,0.12,3960.0,958.35,4.6,Net Banking
ORD10371,2025-09-27 21:35:42.685370744,Headphones,Audio,East,7,3500.0,0.08,22540.0,5094.87,2.8,Net Banking
ORD10372,2025-09-28 15:06:07.935871744,Smartwatch,Wearables,North,1,7500.0,0.18,6150.0,1134.18,3.1,UPI
ORD10373,2025-09-29 08:36:33.186372748,Smartphone,Mobiles,East,7,28000.0,0.16,164640.0,43747.73,2.9,UPI
ORD10374,2025-09-30 02:06:58.436873748,Smartwatch,Wearables,North,1,7500.0,0.07,6975.0,1794.3,3.4,UPI
ORD10375,2025-09-30 19:37:23.687374752,Laptop,Computers,North,3,65000.0,0.05,185250.0,38676.12,3.6,Net Banking
ORD10376,2025-10-01 13:07:48.937875752,Headphones,Audio,West,5,3500.0,0.08,16100.0,4363.42,4.4,Net Banking
ORD10377,2025-10-02 06:38:14.188376756,Headphones,Audio,South,4,3500.0,0.12,12320.0,1543.51,4.1,Net Banking
ORD10378,2025-10-03 00:08:39.438877756,Laptop,Computers,South,6,65000.0,0.05,370500.0,38762.57,4.1,Debit Card
ORD10379,2025-10-03 17:39:04.689378760,Smartphone,Mobiles,East,1,28000.0,0.12,24640.0,3433.46,3.4,Net Banking
ORD10380,2025-10-04 11:09:29.939879760,Laptop,Computers,East,7,65000.0,0.08,418600.0,38745.24,4.6,Debit Card
ORD10381,2025-10-05 04:39:55.190380764,Smartwatch,Wearables,West,4,7500.0,0.11,26700.0,5256.09,3.7,UPI
ORD10382,2025-10-05 22:10:20.440881764,Keyboard,Accessories,West,1,1800.0,0.09,1638.0,468.56,4.9,UPI
ORD10383,2025-10-06 15:40:45.691382768,Headphones,Audio,West,1,3500.0,0.06,3290.0,291.68,4.1,UPI
ORD10384,2025-10-07 09:11:10.941883768,Monitor,Computers,North,1,14000.0,0.19,11340.0,1211.84,2.8,Credit Card
ORD10385,2025-10-08 02:41:36.192384772,Monitor,Computers,West,6,14000.0,0.15,71400.0,12815.14,4.2,Credit Card
ORD10386,2025-10-08 20:12:01.442885772,Smartwatch,Wearables,West,5,7500.0,0.03,36375.0,10383.33,3.3,Cash
ORD10387,2025-10-09 13:42:26.693386776,Tablet,Mobiles,East,6,22000.0,0.17,109560.0,16385.17,4.2,Cash
ORD10388,2025-10-10 07:12:51.943887776,Mouse,Accessories,West,2,900.0,0.1,1620.0,310.38,2.7,Cash
ORD10389,2025-10-11 00:43:17.194388780,Laptop,Computers,North,4,65000.0,0.18,213200.0,19005.93,2.9,Credit Card
ORD10390,2025-10-11 18:13:42.444889780,Laptop,Computers,North,5,65000.0,0.16,273000.0,30749.49,4.6,Credit Card
ORD10391,2025-10-12 11:44:07.695390784,Tablet,Mobiles,East,5,22000.0,0.09,100100.0,29735.57,3.1,Cash
ORD10392,2025-10-13 05:14:32.945891784,Tablet,Mobiles,West,5,22000.0,0.0,110000.0,32155.87,4.6,Cash
ORD10393,2025-10-13 22:44:58.196392788,Smartwatch,Wearables,West,7,7500.0,0.05,49875.0,4044.2,3.2,Net Banking
ORD10394,2025-10-14 16:15:23.446893788,Smartwatch,Wearables,North,5,7500.0,0.11,33375.0,9658.68,4.1,Cash
ORD10395,2025-10-15 09:45:48.697394792,Tablet,Mobiles,West,6,22000.0,0.13,114840.0,25334.44,4.2,Net Banking
ORD10396,2025-10-16 03:16:13.947895792,Headphones,Audio,West,5,3500.0,0.05,16625.0,4504.41,3.8,Debit Card
ORD10397,2025-10-16 20:46:39.198396796,Smartwatch,Wearables,West,3,7500.0,0.03,21825.0,3929.43,3.3,Credit Card
ORD10398,2025-10-17 14:17:04.448897796,Keyboard,Accessories,South,4,1800.0,0.17,5976.0,1155.94,3.0,Cash
ORD10399,2025-10-18 07:47:29.699398800,Smartwatch,Wearables,East,5,7500.0,0.2,30000.0,5626.39,2.6,Credit Card
ORD10400,2025-10-19 01:17:54.949899800,Laptop,Computers,South,4,65000.0,0.11,231400.0,52460.73,3.3,Credit Card
ORD10401,2025-10-19 18:48:20.200400804,Smartwatch,Wearables,East,3,7500.0,0.03,21825.0,2416.54,4.1,Credit Card
ORD10402,2025-10-20 12:18:45.450901804,Headphones,Audio,North,3,3500.0,0.05,9975.0,863.78,4.8,Debit Card
ORD10403,2025-10-21 05:49:10.701402808,Tablet,Mobiles,West,4,22000.0,0.0,88000.0,13001.52,4.7,UPI
ORD10404,2025-10-21 23:19:35.951903808,Laptop,Computers,East,1,65000.0,0.18,53300.0,12527.09,4.4,Cash
ORD10405,2025-10-22 16:50:01.202404812,Smartwatch,Wearables,South,2,7500.0,0.02,14700.0,1828.79,4.5,UPI
ORD10406,2025-10-23 10:20:26.452905812,Headphones,Audio,West,7,3500.0,0.12,21560.0,4919.02,4.2,UPI
ORD10407,2025-10-24 03:50:51.703406816,Keyboard,Accessories,North,1,1800.0,0.05,1710.0,501.68,3.2,UPI
ORD10408,2025-10-24 21:21:16.953907816,Smartwatch,Wearables,East,1,7500.0,0.11,6675.0,671.89,4.8,Credit Card
ORD10409,2025-10-25 14:51:42.204408820,Headphones,Audio,East,6,3500.0,0.13,18270.0,4165.06,4.2,Net Banking
ORD10410,2025-10-26 08:22:07.454909820,Keyboard,Accessories,East,7,1800.0,0.17,10458.0,1857.6,3.9,Credit Card
ORD10411,2025-10-27 01:52:32.705410824,Tablet,Mobiles,West,7,22000.0,0.04,147840.0,40063.35,2.8,Credit Card
ORD10412,2025-10-27 19:22:57.955911824,Smartwatch,Wearables,South,1,7500.0,0.0,7500.0,892.3,3.6,UPI
ORD10413,2025-10-28 12:53:23.206412828,Keyboard,Accessories,South,5,1800.0,0.03,8730.0,2028.66,3.7,Credit Card
ORD10414,2025-10-29 06:23:48.456913828,Laptop,Computers,East,6,65000.0,0.18,319800.0,84550.44,4.7,UPI
ORD10415,2025-10-29 23:54:13.707414832,Tablet,Mobiles,North,6,22000.0,0.17,109560.0,31533.03,3.9,Net Banking
ORD10416,2025-10-30 17:24:38.957915832,Laptop,Computers,North,3,65000.0,0.12,171600.0,39521.98,3.5,Cash
ORD10417,2025-10-31 10:55:04.208416836,Monitor,Computers,South,7,14000.0,0.12,86240.0,16332.0,4.9,UPI
ORD10418,2025-11-01 04:25:29.458917836,Smartphone,Mobiles,North,1,28000.0,0.13,24360.0,5259.97,2.8,Net Banking
ORD10419,2025-11-01 21:55:54.709418840,Smartwatch,Wearables,South,3,7500.0,0.04,21600.0,5857.04,3.6,Cash
ORD10420,2025-11-02 15:26:19.959919840,Keyboard,Accessories,East,4,1800.0,0.18,5904.0,1213.47,2.6,Debit Card
ORD10421,2025-11-03 08:56:45.210420844,Smartphone,Mobiles,South,2,28000.0,0.08,51520.0,4466.02,4.3,UPI
ORD10422,2025-11-04 02:27:10.460921844,Smartphone,Mobiles,South,6,28000.0,0.08,154560.0,44020.03,4.8,UPI
ORD10423,2025-11-04 19:57:35.711422848,Keyboard,Accessories,East,4,1800.0,0.1,6480.0,1501.39,3.2,Debit Card
ORD10424,2025-11-05 13:28:00.961923848,Tablet,Mobiles,North,4,22000.0,0.01,87120.0,19935.93,4.6,Debit Card
ORD10425,2025-11-06 06:58:26.212424852,Smartwatch,Wearables,South,5,7500.0,0.03,36375.0,4635.94,3.2,UPI
ORD10426,2025-11-07 00:28:51.462925852,Monitor,Computers,South,2,14000.0,0.15,23800.0,5353.92,4.8,Debit Card
ORD10427,2025-11-07 17:59:16.713426856,Laptop,Computers,East,4,65000.0,0.02,254800.0,42462.46,4.4,Credit Card
ORD10428,2025-11-08 11:29:41.963927856,Headphones,Audio,North,4,3500.0,0.12,12320.0,2750.7,4.5,Cash
ORD10429,2025-11-09 05:00:07.214428860,Laptop,Computers,South,2,65000.0,0.05,123500.0,12776.13,2.5,Cash
ORD10430,2025-11-09 22:30:32.464929860,Headphones,Audio,East,2,3500.0,0.08,6440.0,1447.24,4.9,Cash
ORD10431,2025-11-10 16:00:57.715430864,Laptop,Computers,South,4,65000.0,0.06,244400.0,73288.48,4.3,Credit Card
ORD10432,2025-11-11 09:31:22.965931864,Keyboard,Accessories,West,2,1800.0,0.07,3348.0,303.35,3.3,Debit Card
ORD10433,2025-11-12 03:01:48.216432868,Monitor,Computers,East,4,14000.0,0.14,48160.0,14206.16,4.6,Net Banking
ORD10434,2025-11-12 20:32:13.466933868,Smartwatch,Wearables,North,4,7500.0,0.06,28200.0,4780.46,3.2,Debit Card
ORD10435,2025-11-13 14:02:38.717434872,Headphones,Audio,North,5,3500.0,0.11,15575.0,4229.64,4.7,UPI
ORD10436,2025-11-14 07:33:03.967935872,Smartwatch,Wearables,North,1,7500.0,0.1,6750.0,1701.84,2.8,Cash
ORD10437,2025-11-15 01:03:29.218436876,Smartwatch,Wearables,North,4,7500.0,0.13,26100.0,5343.81,4.3,Debit Card
ORD10438,2025-11-15 18:33:54.468937876,Smartwatch,Wearables,South,3,7500.0,0.19,18225.0,4418.81,3.9,Net Banking
ORD10439,2025-11-16 12:04:19.719438880,Mouse,Accessories,South,6,900.0,0.15,4590.0,1254.33,2.7,UPI
ORD10440,2025-11-17 05:34:44.969939880,Tablet,Mobiles,North,7,22000.0,0.04,147840.0,24971.78,3.1,Credit Card
ORD10441,2025-11-17 23:05:10.220440884,Laptop,Computers,North,1,65000.0,0.01,64350.0,9777.81,2.5,Credit Card
ORD10442,2025-11-18 16:35:35.470941884,Smartwatch,Wearables,North,1,7500.0,0.05,7125.0,1616.45,3.7,Net Banking
ORD10443,2025-11-19 10:06:00.721442888,Laptop,Computers,South,1,65000.0,0.12,57200.0,14741.93,3.3,UPI
ORD10444,2025-11-20 03:36:25.971943888,Smartwatch,Wearables,North,5,7500.0,0.01,37125.0,9195.96,4.0,Cash
ORD10445,2025-11-20 21:06:51.222444892,Headphones,Audio,North,4,3500.0,0.1,12600.0,3219.54,3.2,Debit Card
ORD10446,2025-11-21 14:37:16.472945892,Tablet,Mobiles,West,5,22000.0,0.12,96800.0,17020.18,3.2,UPI
ORD10447,2025-11-22 08:07:41.723446896,Tablet,Mobiles,West,4,22000.0,0.07,81840.0,21272.14,4.4,Credit Card
ORD10448,2025-11-23 01:38:06.973947896,Keyboard,Accessories,North,5,1800.0,0.15,7650.0,814.31,2.6,Net Banking
ORD10449,2025-11-23 19:08:32.224448900,Mouse,Accessories,East,5,900.0,0.02,4410.0,881.06,4.8,Net Banking
ORD10450,2025-11-24 12:38:57.474949900,Keyboard,Accessories,North,6,1800.0,0.02,10584.0,860.13,4.6,Debit Card
ORD10451,2025-11-25 06:09:22.725450904,Keyboard,Accessories,West,3,1800.0,0.15,4590.0,694.97,4.2,Net Banking
ORD10452,2025-11-25 23:39:47.975951904,Keyboard,Accessories,East,5,1800.0,0.1,8100.0,1301.03,4.0,Net Banking
ORD10453,2025-11-26 17:10:13.226452908,Keyboard,Accessories,East,6,1800.0,0.14,9288.0,1552.56,4.7,UPI
ORD10454,2025-11-27 10:40:38.476953908,Keyboard,Accessories,North,2,1800.0,0.09,3276.0,763.32,3.0,Cash
ORD10455,2025-11-28 04:11:03.727454912,Monitor,Computers,West,3,14000.0,0.05,39900.0,6602.76,2.7,Debit Card
ORD10456,2025-11-28 21:41:28.977955912,Tablet,Mobiles,West,5,22000.0,0.16,92400.0,16513.04,3.1,UPI
ORD10457,2025-11-29 15:11:54.228456916,Keyboard,Accessories,East,7,1800.0,0.16,10584.0,1399.84,4.5,Cash
ORD10458,2025-11-30 08:42:19.478957916,Smartwatch,Wearables,North,1,7500.0,0.14,6450.0,1045.64,2.6,UPI
ORD10459,2025-12-01 02:12:44.729458920,Tablet,Mobiles,South,2,22000.0,0.05,41800.0,5433.97,4.0,UPI
ORD10460,2025-12-01 19:43:09.979959920,Tablet,Mobiles,South,2,22000.0,0.12,38720.0,3721.11,5.0,Net Banking
ORD10461,2025-12-02 13:13:35.230460924,Smartphone,Mobiles,West,6,28000.0,0.07,156240.0,33241.42,4.6,Cash
ORD10462,2025-12-03 06:44:00.480961924,Monitor,Computers,South,2,14000.0,0.02,27440.0,6229.07,3.8,Debit Card
ORD10463,2025-12-04 00:14:25.731462928,Keyboard,Accessories,West,3,1800.0,0.18,4428.0,957.72,2.7,Debit Card
ORD10464,2025-12-04 17:44:50.981963928,Laptop,Computers,West,5,65000.0,0.03,315250.0,57365.63,4.6,Cash
ORD10465,2025-12-05 11:15:16.232464932,Headphones,Audio,West,5,3500.0,0.19,14175.0,2318.36,4.0,Net Banking
ORD10466,2025-12-06 04:45:41.482965932,Mouse,Accessories,South,7,900.0,0.09,5733.0,1547.53,2.8,Credit Card
ORD10467,2025-12-06 22:16:06.733466936,Smartwatch,Wearables,West,1,7500.0,0.04,7200.0,1398.23,2.7,UPI
ORD10468,2025-12-07 15:46:31.983967936,Laptop,Computers,East,6,65000.0,0.11,347100.0,64359.29,4.8,Net Banking
ORD10469,2025-12-08 09:16:57.234468940,Monitor,Computers,North,1,14000.0,0.17,11620.0,995.15,4.2,Cash
ORD10470,2025-12-09 02:47:22.484969940,Headphones,Audio,North,2,3500.0,0.15,5950.0,922.69,4.6,UPI
ORD10471,2025-12-09 20:17:47.735470944,Monitor,Computers,West,7,14000.0,0.16,82320.0,13471.09,4.7,Debit Card
ORD10472,2025-12-10 13:48:12.985971944,Smartwatch,Wearables,North,1,7500.0,0.13,6525.0,1094.51,3.9,Credit Card
ORD10473,2025-12-11 07:18:38.236472948,Tablet,Mobiles,South,3,22000.0,0.14,56760.0,11785.53,3.8,Debit Card
ORD10474,2025-12-12 00:49:03.486973948,Headphones,Audio,South,5,3500.0,0.17,14525.0,2867.13,3.6,Cash
ORD10475,2025-12-12 18:19:28.737474952,Tablet,Mobiles,North,2,22000.0,0.05,41800.0,8934.3,3.3,UPI
ORD10476,2025-12-13 11:49:53.987975952,Smartwatch,Wearables,South,7,7500.0,0.1,47250.0,11730.96,3.6,Cash
ORD10477,2025-12-14 05:20:19.238476956,Laptop,Computers,North,1,65000.0,0.04,62400.0,16152.67,4.4,UPI
ORD10478,2025-12-14 22:50:44.488977956,Smartwatch,Wearables,North,6,7500.0,0.2,36000.0,8567.53,4.0,Net Banking
ORD10479,2025-12-15 16:21:09.739478960,Laptop,Computers,North,3,65000.0,0.19,157950.0,45839.49,4.7,Credit Card
ORD10480,2025-12-16 09:51:34.989979960,Headphones,Audio,West,3,3500.0,0.01,10395.0,873.3,3.6,Net Banking
ORD10481,2025-12-17 03:22:00.240480964,Headphones,Audio,North,1,3500.0,0.14,3010.0,370.44,4.0,Net Banking
ORD10482,2025-12-17 20:52:25.490981964,Keyboard,Accessories,West,5,1800.0,0.19,7290.0,595.33,4.1,Cash
ORD10483,2025-12-18 14:22:50.741482968,Monitor,Computers,North,1,14000.0,0.04,13440.0,2989.65,4.0,Credit Card
ORD10484,2025-12-19 07:53:15.991983968,Keyboard,Accessories,North,2,1800.0,0.11,3204.0,889.32,4.3,UPI
ORD10485,2025-12-20 01:23:41.242484972,Monitor,Computers,North,1,14000.0,0.18,11480.0,1533.34,3.1,UPI
ORD10486,2025-12-20 18:54:06.492985972,Keyboard,Accessories,South,3,1800.0,0.01,5346.0,1517.98,3.8,Debit Card
ORD10487,2025-12-21 12:24:31.743486976,Tablet,Mobiles,West,7,22000.0,0.14,132440.0,12351.2,2.8,UPI
ORD10488,2025-12-22 05:54:56.993987976,Headphones,Audio,West,1,3500.0,0.06,3290.0,939.54,3.5,Cash
ORD10489,2025-12-22 23:25:22.244488980,Laptop,Computers,North,5,65000.0,0.18,266500.0,41935.64,3.7,Net Banking
ORD10490,2025-12-23 16:55:47.494989980,Monitor,Computers,North,7,14000.0,0.19,79380.0,8121.57,4.1,Net Banking
ORD10491,2025-12-24 10:26:12.745490984,Smartwatch,Wearables,South,6,7500.0,0.19,36450.0,6812.21,4.9,Net Banking
ORD10492,2025-12-25 03:56:37.995991984,Monitor,Computers,South,4,14000.0,0.09,50960.0,6955.57,4.0,Credit Card
ORD10493,2025-12-25 21:27:03.246492988,Laptop,Computers,South,1,65000.0,0.17,53950.0,7697.16,4.4,UPI
ORD10494,2025-12-26 14:57:28.496993988,Keyboard,Accessories,West,5,1800.0,0.17,7470.0,1102.6,3.8,Cash
ORD10495,2025-12-27 08:27:53.747494992,Monitor,Computers,West,7,14000.0,0.06,92120.0,23644.04,4.1,Credit Card
ORD10496,2025-12-28 01:58:18.997995992,Mouse,Accessories,West,5,900.0,0.17,3735.0,741.83,2.7,Debit Card
ORD10497,2025-12-28 19:28:44.248496996,Tablet,Mobiles,North,6,22000.0,0.01,130680.0,19404.37,3.1,Cash
ORD10498,2025-12-29 12:59:09.498997996,Headphones,Audio,West,3,3500.0,0.12,9240.0,1979.89,3.4,Cash
ORD10499,2025-12-30 06:29:34.749499000,Laptop,Computers,East,5,65000.0,0.05,308750.0,73344.53,3.7,Cash
ORD10500,2025-12-31 00:00:00.000000000,Headphones,Audio,East,7,3500.0,0.02,24010.0,3360.85,2.6,Net Banking
